<prezi xsi:schemaLocation="http://prezi.com/schema/prezi/2 http://prezi.com/schema/prezi/2" xmlns:xsi="http://www.w3.org/2001/XMLSchema-instance" version="2" xmlns="http://prezi.com/schema/prezi/2"><xFields><xField name="preziType"><xEnum type="PreziType" value="converted-from-core"/></xField></xFields><background><background><layers><array><backgroundImage><assetSourceFilename><string value="Comp 2_1.png"/></assetSourceFilename><depth><double value="4.382615599103148"/></depth><fadeScale><double value="0.5019833362638978"/></fadeScale><height><double value="3500"/></height><localToWorld><transform2D x="-677.4085963117996" y="-7728.478832203034" scale="10.965471847345212" rotation="0"/></localToWorld><onlineAssetId><string value="1504768593"/></onlineAssetId><onlineAssetUrl><string value="http://0103.static.prezi.com.s3.amazonaws.com/media/e/6/9/2ebfe7572200299f76fbf005625236b733aa2.png"/></onlineAssetUrl><width><double value="3500"/></width></backgroundImage></array></layers></background></background><documentStyle><documentStyle><fontClasses><array><fontClass><fontFamily><string value="Arimo"/></fontFamily><name><string value="body"/></name></fontClass><fontClass><fontFamily><string value="Cabin"/></fontFamily><fontWeight><fontWeight value="bold"/></fontWeight><name><string value="head"/></name></fontClass><fontClass><fontFamily><string value="Cabin"/></fontFamily><name><string value="strong"/></name></fontClass></array></fontClasses><fontFamilies><array><fontFamily><fontFaces><array><fontFace><fontSrc><string value="Arimo-Regular.keg"/></fontSrc></fontFace><fontFace><fontSrc><string value="Arimo-Bold.keg"/></fontSrc><fontWeight><fontWeight value="bold"/></fontWeight></fontFace><fontFace><fontSrc><string value="Arimo-Italic.keg"/></fontSrc><fontStyle><fontStyle value="italic"/></fontStyle></fontFace><fontFace><fontSrc><string value="Arimo-BoldItalic.keg"/></fontSrc><fontStyle><fontStyle value="italic"/></fontStyle><fontWeight><fontWeight value="bold"/></fontWeight></fontFace></array></fontFaces><name><string value="Arimo"/></name></fontFamily><fontFamily><fontFaces><array><fontFace><fontSrc><string value="Cabin-Bold.keg"/></fontSrc><fontWeight><fontWeight value="bold"/></fontWeight></fontFace><fontFace><fontSrc><string value="Cabin-Regular.keg"/></fontSrc></fontFace><fontFace><fontSrc><string value="Cabin-Italic.keg"/></fontSrc><fontStyle><fontStyle value="italic"/></fontStyle></fontFace><fontFace><fontSrc><string value="Cabin-BoldItalic.keg"/></fontSrc><fontStyle><fontStyle value="italic"/></fontStyle><fontWeight><fontWeight value="bold"/></fontWeight></fontFace></array></fontFaces><name><string value="Cabin"/></name></fontFamily></array></fontFamilies><styleDeclarations><array><styleDeclaration><styleBlock><styleBlock><gradEndAlpha><double value="0.7"/></gradEndAlpha><gradStartAlpha><double value="0.5"/></gradStartAlpha></styleBlock></styleBlock><styleSelector><simpleSelector value="zCircle"/></styleSelector></styleDeclaration><styleDeclaration><styleBlock><styleBlock><color><color value="#004070"/></color><fillType><fillType value="linear"/></fillType><gradEndColor><color value="#004070"/></gradEndColor><gradStartColor><color value="#004070"/></gradStartColor></styleBlock></styleBlock><styleSelector><simpleSelector value="*.line1"/></styleSelector></styleDeclaration><styleDeclaration><styleBlock><styleBlock><color><color value="#99A9C8"/></color><fillType><fillType value="linear"/></fillType><gradEndColor><color value="#99A9C8"/></gradEndColor><gradStartColor><color value="#99A9C8"/></gradStartColor></styleBlock></styleBlock><styleSelector><simpleSelector value="*.line2"/></styleSelector></styleDeclaration><styleDeclaration><styleBlock><styleBlock><color><color value="#FFFFFF"/></color><fillType><fillType value="linear"/></fillType><gradEndColor><color value="#FFFFFF"/></gradEndColor><gradStartColor><color value="#FFFFFF"/></gradStartColor></styleBlock></styleBlock><styleSelector><simpleSelector value="*.line3"/></styleSelector></styleDeclaration><styleDeclaration><styleBlock><styleBlock><color><color value="#DE6F47"/></color><fillType><fillType value="linear"/></fillType><gradEndColor><color value="#DE6F47"/></gradEndColor><gradStartColor><color value="#DE6F47"/></gradStartColor></styleBlock></styleBlock><styleSelector><simpleSelector value="*.line4"/></styleSelector></styleDeclaration><styleDeclaration><styleBlock><styleBlock><color><color value="#D8462E"/></color><fillType><fillType value="linear"/></fillType><gradEndColor><color value="#D8462E"/></gradEndColor><gradStartColor><color value="#D8462E"/></gradStartColor></styleBlock></styleBlock><styleSelector><simpleSelector value="*.line5"/></styleSelector></styleDeclaration><styleDeclaration><styleBlock><styleBlock><borderColor><color value="#004070"/></borderColor><borderThickness><double value="0"/></borderThickness><color><color value="#ABBDCB"/></color><fillType><fillType value="linear"/></fillType><gradEndColor><color value="#004070"/></gradEndColor><gradStartColor><color value="#004070"/></gradStartColor></styleBlock></styleBlock><styleSelector><simpleSelector value="*.poly1"/></styleSelector></styleDeclaration><styleDeclaration><styleBlock><styleBlock><borderAlpha><double value="0"/></borderAlpha><borderColor><color value="#99A9C8"/></borderColor><borderThickness><double value="0"/></borderThickness><color><color value="#ABBDCB"/></color><fillType><fillType value="linear"/></fillType><gradEndAlpha><double value="1"/></gradEndAlpha><gradEndColor><color value="#99A9C8"/></gradEndColor><gradStartAlpha><double value="1"/></gradStartAlpha><gradStartColor><color value="#99A9C8"/></gradStartColor></styleBlock></styleBlock><styleSelector><simpleSelector value="*.poly2"/></styleSelector></styleDeclaration><styleDeclaration><styleBlock><styleBlock><borderAlpha><double value="0"/></borderAlpha><borderColor><color value="#FFFFFF"/></borderColor><borderThickness><double value="0"/></borderThickness><color><color value="#ABBDCB"/></color><fillType><fillType value="linear"/></fillType><gradEndColor><color value="#FFFFFF"/></gradEndColor><gradStartColor><color value="#FFFFFF"/></gradStartColor><thickness><double value="3"/></thickness></styleBlock></styleBlock><styleSelector><simpleSelector value="*.poly3"/></styleSelector></styleDeclaration><styleDeclaration><styleBlock><styleBlock><borderAlpha><double value="0"/></borderAlpha><borderColor><color value="#DE6F47"/></borderColor><borderThickness><double value="0"/></borderThickness><color><color value="#ABBDCB"/></color><fillType><fillType value="linear"/></fillType><gradEndAlpha><double value="1"/></gradEndAlpha><gradEndColor><color value="#DE6F47"/></gradEndColor><gradStartAlpha><double value="1"/></gradStartAlpha><gradStartColor><color value="#DE6F47"/></gradStartColor></styleBlock></styleBlock><styleSelector><simpleSelector value="*.poly4"/></styleSelector></styleDeclaration><styleDeclaration><styleBlock><styleBlock><borderAlpha><double value="0"/></borderAlpha><borderColor><color value="#D8462E"/></borderColor><borderThickness><double value="0"/></borderThickness><color><color value="#ABBDCB"/></color><fillType><fillType value="linear"/></fillType><gradEndAlpha><double value="1"/></gradEndAlpha><gradEndColor><color value="#D8462E"/></gradEndColor><gradStartAlpha><double value="1"/></gradStartAlpha><gradStartColor><color value="#D8462E"/></gradStartColor></styleBlock></styleBlock><styleSelector><simpleSelector value="*.poly5"/></styleSelector></styleDeclaration><styleDeclaration><styleBlock><styleBlock><fillType><fillType value="radial"/></fillType><gradEndColor><color value="#587C97"/></gradEndColor><gradStartColor><color value="#FFFFFF"/></gradStartColor></styleBlock></styleBlock><styleSelector><simpleSelector value="background"/></styleSelector></styleDeclaration><styleDeclaration><styleBlock><styleBlock><gradEndAlpha><double value="1"/></gradEndAlpha><gradStartAlpha><double value="1"/></gradStartAlpha></styleBlock></styleBlock><styleSelector><simpleSelector value="zArrow"/></styleSelector></styleDeclaration><styleDeclaration><styleBlock><styleBlock><borderAlpha><double value="1"/></borderAlpha><gradEndAlpha><double value="1"/></gradEndAlpha><gradStartAlpha><double value="1"/></gradStartAlpha><radius><double value="0"/></radius><thickness><double value="100"/></thickness></styleBlock></styleBlock><styleSelector><simpleSelector value="zCircle"/></styleSelector></styleDeclaration><styleDeclaration><styleBlock><styleBlock><color><color value="#000000"/></color></styleBlock></styleBlock><styleSelector><simpleSelector value="zPencil"/></styleSelector></styleDeclaration><styleDeclaration><styleBlock><styleBlock><fillType><fillType value="linear"/></fillType><gradEndAlpha><double value="1"/></gradEndAlpha><gradEndColor><color value="#004070"/></gradEndColor><gradStartAlpha><double value="1"/></gradStartAlpha><gradStartColor><color value="#004070"/></gradStartColor><padding><double value="1.03"/></padding><thickness><double value="4"/></thickness></styleBlock></styleBlock><styleSelector><simpleSelector value="zBracketFrame"/></styleSelector></styleDeclaration><styleDeclaration><styleBlock><styleBlock><fillType><fillType value="linear"/></fillType><gradEndAlpha><double value="1"/></gradEndAlpha><gradEndColor><color value="#004070"/></gradEndColor><gradStartAlpha><double value="1"/></gradStartAlpha><gradStartColor><color value="#004070"/></gradStartColor><padding><double value="1.03"/></padding><thickness><double value="8"/></thickness></styleBlock></styleBlock><styleSelector><simpleSelector value="zCircleFrame"/></styleSelector></styleDeclaration><styleDeclaration><styleBlock><styleBlock><borderAlpha><double value="1"/></borderAlpha><borderColor><color value="#004070"/></borderColor><borderThickness><double value="12"/></borderThickness><fillType><fillType value="linear"/></fillType><gradEndAlpha><double value="1"/></gradEndAlpha><gradEndColor><color value="#EEEEEE"/></gradEndColor><gradStartAlpha><double value="1"/></gradStartAlpha><gradStartColor><color value="#EEEEEE"/></gradStartColor><padding><double value="1.03"/></padding><radius><double value="0"/></radius></styleBlock></styleBlock><styleSelector><simpleSelector value="zRectangleFrame"/></styleSelector></styleDeclaration><styleDeclaration><styleBlock><styleBlock><color><color value="#484F54"/></color><fontClass><string value="body"/></fontClass></styleBlock></styleBlock><styleSelector><simpleSelector value="zText.body"/></styleSelector></styleDeclaration><styleDeclaration><styleBlock><styleBlock><backgroundAlpha><double value="0.9"/></backgroundAlpha><backgroundColor><color value="#F0F0F0"/></backgroundColor><backgroundPadding><double value="4"/></backgroundPadding></styleBlock></styleBlock><styleSelector><simpleSelector value="zText.body-background"/></styleSelector></styleDeclaration><styleDeclaration><styleBlock><styleBlock><color><color value="#333333"/></color><fontClass><string value="head"/></fontClass></styleBlock></styleBlock><styleSelector><simpleSelector value="zText.title"/></styleSelector></styleDeclaration><styleDeclaration><styleBlock><styleBlock><backgroundAlpha><double value="1"/></backgroundAlpha><backgroundColor><color value="#FFFFFF"/></backgroundColor><backgroundPadding><double value="4"/></backgroundPadding></styleBlock></styleBlock><styleSelector><simpleSelector value="zText.title-background"/></styleSelector></styleDeclaration><styleDeclaration><styleBlock><styleBlock><color><color value="#FFFFFF"/></color><fontClass><string value="strong"/></fontClass></styleBlock></styleBlock><styleSelector><simpleSelector value="zText.subtitle"/></styleSelector></styleDeclaration><styleDeclaration><styleBlock><styleBlock><backgroundAlpha><double value="1"/></backgroundAlpha><backgroundColor><color value="#004070"/></backgroundColor><backgroundPadding><double value="8"/></backgroundPadding></styleBlock></styleBlock><styleSelector><simpleSelector value="zText.subtitle-background"/></styleSelector></styleDeclaration><styleDeclaration><styleBlock><styleBlock><color><color value="#333333"/></color></styleBlock></styleBlock><styleSelector><simpleSelector value="zLine"/></styleSelector></styleDeclaration><styleDeclaration><styleBlock><styleBlock><alpha><double value="0.3"/></alpha><color><color value="#D8462E"/></color></styleBlock></styleBlock><styleSelector><simpleSelector value="zMarker"/></styleSelector></styleDeclaration><styleDeclaration><styleBlock><styleBlock><borderAlpha><double value="1"/></borderAlpha><gradEndAlpha><double value="1"/></gradEndAlpha><gradStartAlpha><double value="1"/></gradStartAlpha><radius><double value="0"/></radius><thickness><double value="100"/></thickness></styleBlock></styleBlock><styleSelector><simpleSelector value="zTriangle"/></styleSelector></styleDeclaration><styleDeclaration><styleBlock><styleBlock><borderAlpha><double value="1"/></borderAlpha><gradEndAlpha><double value="1"/></gradEndAlpha><gradStartAlpha><double value="1"/></gradStartAlpha><radius><double value="0"/></radius><thickness><double value="100"/></thickness></styleBlock></styleBlock><styleSelector><simpleSelector value="zSquare"/></styleSelector></styleDeclaration><styleDeclaration><styleBlock><styleBlock><borderColor><color value="#FFFFFF"/></borderColor><borderThickness><double value="-1"/></borderThickness><fillType><fillType value="linear"/></fillType><gradEndColor><color value="#FFF808"/></gradEndColor><gradStartColor><color value="#FFF808"/></gradStartColor></styleBlock></styleBlock><styleSelector><simpleSelector value="arrow"/></styleSelector></styleDeclaration><styleDeclaration><styleBlock><styleBlock><borderAlpha><double value="1"/></borderAlpha><radius><double value="0"/></radius><thickness><double value="100"/></thickness></styleBlock></styleBlock><styleSelector><simpleSelector value="circle"/></styleSelector></styleDeclaration><styleDeclaration><styleBlock><styleBlock><borderColor><color value="#FFFFFF"/></borderColor><borderThickness><double value="0"/></borderThickness><fillType><fillType value="linear"/></fillType><gradEndColor><color value="#C5C3C3"/></gradEndColor><gradStartColor><color value="#FFFFFF"/></gradStartColor><thickness><double value="7"/></thickness></styleBlock></styleBlock><styleSelector><simpleSelector value="frame.bracket"/></styleSelector></styleDeclaration><styleDeclaration><styleBlock><styleBlock><borderColor><color value="#999999"/></borderColor><borderThickness><double value="0"/></borderThickness><fillType><fillType value="linear"/></fillType><gradEndColor><color value="#333333"/></gradEndColor><gradStartColor><color value="#333333"/></gradStartColor></styleBlock></styleBlock><styleSelector><simpleSelector value="frame.circle"/></styleSelector></styleDeclaration><styleDeclaration><styleBlock><styleBlock><borderColor><color value="#FFFFFF"/></borderColor><borderThickness><double value="0"/></borderThickness><fillType><fillType value="linear"/></fillType><gradEndColor><color value="#000000"/></gradEndColor><gradStartColor><color value="#000000"/></gradStartColor><radius><double value="0"/></radius></styleBlock></styleBlock><styleSelector><simpleSelector value="frame.rectangle"/></styleSelector></styleDeclaration><styleDeclaration><styleBlock><styleBlock><color><color value="#FFF808"/></color></styleBlock></styleBlock><styleSelector><simpleSelector value="free-line"/></styleSelector></styleDeclaration><styleDeclaration><styleBlock><styleBlock><alpha><double value="0.3"/></alpha><color><color value="#FFFF0D"/></color></styleBlock></styleBlock><styleSelector><simpleSelector value="free-marker"/></styleSelector></styleDeclaration><styleDeclaration><styleBlock><styleBlock><color><color value="#DDDDDD"/></color></styleBlock></styleBlock><styleSelector><simpleSelector value="grid"/></styleSelector></styleDeclaration><styleDeclaration><styleBlock><styleBlock><color><color value="#FFF808"/></color></styleBlock></styleBlock><styleSelector><simpleSelector value="line"/></styleSelector></styleDeclaration><styleDeclaration><styleBlock><styleBlock><color><color value="#FFFFFF"/></color><fillType><fillType value="linear"/></fillType><gradEndColor><color value="#FFFFFF"/></gradEndColor><gradStartColor><color value="#FFFFFF"/></gradStartColor></styleBlock></styleBlock><styleSelector><simpleSelector value="line-arrow.style1"/></styleSelector></styleDeclaration><styleDeclaration><styleBlock><styleBlock><color><color value="#C5C3C3"/></color><fillType><fillType value="linear"/></fillType><gradEndColor><color value="#C5C3C3"/></gradEndColor><gradStartColor><color value="#C5C3C3"/></gradStartColor></styleBlock></styleBlock><styleSelector><simpleSelector value="line-arrow.style2"/></styleSelector></styleDeclaration><styleDeclaration><styleBlock><styleBlock><color><color value="#FFF808"/></color><fillType><fillType value="linear"/></fillType><gradEndColor><color value="#FFF808"/></gradEndColor><gradStartColor><color value="#FFF808"/></gradStartColor></styleBlock></styleBlock><styleSelector><simpleSelector value="line-arrow.style3"/></styleSelector></styleDeclaration><styleDeclaration><styleBlock><styleBlock><color><color value="#333333"/></color><fillType><fillType value="linear"/></fillType><gradEndColor><color value="#333333"/></gradEndColor><gradStartColor><color value="#333333"/></gradStartColor></styleBlock></styleBlock><styleSelector><simpleSelector value="line-arrow.style4"/></styleSelector></styleDeclaration><styleDeclaration><styleBlock><styleBlock><color><color value="#000000"/></color><fillType><fillType value="linear"/></fillType><gradEndColor><color value="#000000"/></gradEndColor><gradStartColor><color value="#000000"/></gradStartColor></styleBlock></styleBlock><styleSelector><simpleSelector value="line-arrow.style5"/></styleSelector></styleDeclaration><styleDeclaration><styleBlock><styleBlock><borderAlpha><double value="1"/></borderAlpha><gradEndAlpha><double value="0.8"/></gradEndAlpha><gradStartAlpha><double value="0.7"/></gradStartAlpha><radius><double value="0"/></radius><thickness><double value="100"/></thickness></styleBlock></styleBlock><styleSelector><simpleSelector value="shape"/></styleSelector></styleDeclaration><styleDeclaration><styleBlock><styleBlock><borderColor><color value="#FFFFFF"/></borderColor><borderThickness><double value="0"/></borderThickness><fillType><fillType value="linear"/></fillType><gradEndColor><color value="#FFFFFF"/></gradEndColor><gradStartColor><color value="#FFFFFF"/></gradStartColor></styleBlock></styleBlock><styleSelector><simpleSelector value="shape.style1"/></styleSelector></styleDeclaration><styleDeclaration><styleBlock><styleBlock><borderColor><color value="#C5C3C3"/></borderColor><borderThickness><double value="0"/></borderThickness><fillType><fillType value="linear"/></fillType><gradEndColor><color value="#C5C3C3"/></gradEndColor><gradStartColor><color value="#C5C3C3"/></gradStartColor></styleBlock></styleBlock><styleSelector><simpleSelector value="shape.style2"/></styleSelector></styleDeclaration><styleDeclaration><styleBlock><styleBlock><borderColor><color value="#FFF808"/></borderColor><borderThickness><double value="0"/></borderThickness><fillType><fillType value="linear"/></fillType><gradEndColor><color value="#FFF808"/></gradEndColor><gradStartColor><color value="#FFF808"/></gradStartColor></styleBlock></styleBlock><styleSelector><simpleSelector value="shape.style3"/></styleSelector></styleDeclaration><styleDeclaration><styleBlock><styleBlock><borderColor><color value="#333333"/></borderColor><borderThickness><double value="0"/></borderThickness><fillType><fillType value="linear"/></fillType><gradEndColor><color value="#333333"/></gradEndColor><gradStartColor><color value="#333333"/></gradStartColor></styleBlock></styleBlock><styleSelector><simpleSelector value="shape.style4"/></styleSelector></styleDeclaration><styleDeclaration><styleBlock><styleBlock><borderColor><color value="#000000"/></borderColor><borderThickness><double value="0"/></borderThickness><fillType><fillType value="linear"/></fillType><gradEndColor><color value="#000000"/></gradEndColor><gradStartColor><color value="#000000"/></gradStartColor></styleBlock></styleBlock><styleSelector><simpleSelector value="shape.style5"/></styleSelector></styleDeclaration><styleDeclaration><styleBlock><styleBlock><padding><double value="1.2"/></padding></styleBlock></styleBlock><styleSelector><simpleSelector value="text"/></styleSelector></styleDeclaration><styleDeclaration><styleBlock><styleBlock><color><color value="#FFFFFF"/></color><fontClass><string value="body"/></fontClass></styleBlock></styleBlock><styleSelector><simpleSelector value="text.body"/></styleSelector></styleDeclaration><styleDeclaration><styleBlock><styleBlock><color><color value="#FFFFFF"/></color><fontClass><string value="strong"/></fontClass></styleBlock></styleBlock><styleSelector><simpleSelector value="text.subtitle"/></styleSelector></styleDeclaration><styleDeclaration><styleBlock><styleBlock><color><color value="#FFF808"/></color><fontClass><string value="head"/></fontClass></styleBlock></styleBlock><styleSelector><simpleSelector value="text.title"/></styleSelector></styleDeclaration><styleDeclaration><styleBlock><styleBlock><thickness><double value="8"/></thickness></styleBlock></styleBlock><styleSelector><simpleSelector value="#0_170242848"/></styleSelector></styleDeclaration><styleDeclaration><styleBlock><styleBlock><xFields><xField name="deprecatedBackgroundPaddingHorizontal"><xJust><xDouble value="8"/></xJust></xField><xField name="deprecatedBackgroundPaddingVertical"><xJust><xDouble value="8"/></xJust></xField></xFields></styleBlock></styleBlock><styleSelector><simpleSelector value="#11_170242848"/></styleSelector></styleDeclaration><styleDeclaration><styleBlock><styleBlock><thickness><double value="8"/></thickness></styleBlock></styleBlock><styleSelector><simpleSelector value="#12_170242848"/></styleSelector></styleDeclaration><styleDeclaration><styleBlock><styleBlock><xFields><xField name="deprecatedBackgroundPaddingHorizontal"><xJust><xDouble value="8"/></xJust></xField><xField name="deprecatedBackgroundPaddingVertical"><xJust><xDouble value="8"/></xJust></xField></xFields></styleBlock></styleBlock><styleSelector><simpleSelector value="#13"/></styleSelector></styleDeclaration><styleDeclaration><styleBlock><styleBlock><xFields><xField name="deprecatedBackgroundPaddingHorizontal"><xJust><xDouble value="8"/></xJust></xField><xField name="deprecatedBackgroundPaddingVertical"><xJust><xDouble value="8"/></xJust></xField></xFields></styleBlock></styleBlock><styleSelector><simpleSelector value="#15"/></styleSelector></styleDeclaration><styleDeclaration><styleBlock><styleBlock><thickness><double value="8"/></thickness></styleBlock></styleBlock><styleSelector><simpleSelector value="#16"/></styleSelector></styleDeclaration><styleDeclaration><styleBlock><styleBlock><thickness><double value="8"/></thickness></styleBlock></styleBlock><styleSelector><simpleSelector value="#16_170242848"/></styleSelector></styleDeclaration><styleDeclaration><styleBlock><styleBlock><thickness><double value="8"/></thickness></styleBlock></styleBlock><styleSelector><simpleSelector value="#17"/></styleSelector></styleDeclaration><styleDeclaration><styleBlock><styleBlock><thickness><double value="8"/></thickness></styleBlock></styleBlock><styleSelector><simpleSelector value="#18_170242848"/></styleSelector></styleDeclaration><styleDeclaration><styleBlock><styleBlock><thickness><double value="8"/></thickness></styleBlock></styleBlock><styleSelector><simpleSelector value="#22_170242848"/></styleSelector></styleDeclaration><styleDeclaration><styleBlock><styleBlock><xFields><xField name="deprecatedBackgroundPaddingHorizontal"><xJust><xDouble value="8"/></xJust></xField><xField name="deprecatedBackgroundPaddingVertical"><xJust><xDouble value="8"/></xJust></xField></xFields></styleBlock></styleBlock><styleSelector><simpleSelector value="#23_170242848"/></styleSelector></styleDeclaration><styleDeclaration><styleBlock><styleBlock><xFields><xField name="deprecatedBackgroundPaddingHorizontal"><xJust><xDouble value="8"/></xJust></xField><xField name="deprecatedBackgroundPaddingVertical"><xJust><xDouble value="8"/></xJust></xField></xFields></styleBlock></styleBlock><styleSelector><simpleSelector value="#29_170242848"/></styleSelector></styleDeclaration><styleDeclaration><styleBlock><styleBlock><thickness><double value="8"/></thickness></styleBlock></styleBlock><styleSelector><simpleSelector value="#30_24309637"/></styleSelector></styleDeclaration><styleDeclaration><styleBlock><styleBlock><xFields><xField name="deprecatedBackgroundPaddingHorizontal"><xJust><xDouble value="8"/></xJust></xField><xField name="deprecatedBackgroundPaddingVertical"><xJust><xDouble value="8"/></xJust></xField></xFields></styleBlock></styleBlock><styleSelector><simpleSelector value="#32_170242848"/></styleSelector></styleDeclaration><styleDeclaration><styleBlock><styleBlock><xFields><xField name="deprecatedBackgroundPaddingHorizontal"><xJust><xDouble value="8"/></xJust></xField><xField name="deprecatedBackgroundPaddingVertical"><xJust><xDouble value="8"/></xJust></xField></xFields></styleBlock></styleBlock><styleSelector><simpleSelector value="#34_24309637"/></styleSelector></styleDeclaration><styleDeclaration><styleBlock><styleBlock><xFields><xField name="deprecatedBackgroundPaddingHorizontal"><xJust><xDouble value="8"/></xJust></xField><xField name="deprecatedBackgroundPaddingVertical"><xJust><xDouble value="8"/></xJust></xField></xFields></styleBlock></styleBlock><styleSelector><simpleSelector value="#35_170242848"/></styleSelector></styleDeclaration><styleDeclaration><styleBlock><styleBlock><thickness><double value="8"/></thickness></styleBlock></styleBlock><styleSelector><simpleSelector value="#36_24309637"/></styleSelector></styleDeclaration><styleDeclaration><styleBlock><styleBlock><thickness><double value="8"/></thickness></styleBlock></styleBlock><styleSelector><simpleSelector value="#37_24309637"/></styleSelector></styleDeclaration><styleDeclaration><styleBlock><styleBlock><xFields><xField name="deprecatedBackgroundPaddingHorizontal"><xJust><xDouble value="8"/></xJust></xField><xField name="deprecatedBackgroundPaddingVertical"><xJust><xDouble value="8"/></xJust></xField></xFields></styleBlock></styleBlock><styleSelector><simpleSelector value="#45_24309637"/></styleSelector></styleDeclaration><styleDeclaration><styleBlock><styleBlock><xFields><xField name="deprecatedBackgroundPaddingHorizontal"><xJust><xDouble value="8"/></xJust></xField><xField name="deprecatedBackgroundPaddingVertical"><xJust><xDouble value="8"/></xJust></xField></xFields></styleBlock></styleBlock><styleSelector><simpleSelector value="#50_24309637"/></styleSelector></styleDeclaration><styleDeclaration><styleBlock><styleBlock><xFields><xField name="deprecatedBackgroundPaddingHorizontal"><xJust><xDouble value="8"/></xJust></xField><xField name="deprecatedBackgroundPaddingVertical"><xJust><xDouble value="8"/></xJust></xField></xFields></styleBlock></styleBlock><styleSelector><simpleSelector value="#5_24309637"/></styleSelector></styleDeclaration><styleDeclaration><styleBlock><styleBlock><thickness><double value="8"/></thickness></styleBlock></styleBlock><styleSelector><simpleSelector value="#61_24309637"/></styleSelector></styleDeclaration><styleDeclaration><styleBlock><styleBlock><xFields><xField name="deprecatedBackgroundPaddingHorizontal"><xJust><xDouble value="8"/></xJust></xField><xField name="deprecatedBackgroundPaddingVertical"><xJust><xDouble value="8"/></xJust></xField></xFields></styleBlock></styleBlock><styleSelector><simpleSelector value="#63_24309637"/></styleSelector></styleDeclaration><styleDeclaration><styleBlock><styleBlock><xFields><xField name="deprecatedBackgroundPaddingHorizontal"><xJust><xDouble value="8"/></xJust></xField><xField name="deprecatedBackgroundPaddingVertical"><xJust><xDouble value="8"/></xJust></xField></xFields></styleBlock></styleBlock><styleSelector><simpleSelector value="#68_24309637"/></styleSelector></styleDeclaration><styleDeclaration><styleBlock><styleBlock><xFields><xField name="deprecatedBackgroundPaddingHorizontal"><xJust><xDouble value="8"/></xJust></xField><xField name="deprecatedBackgroundPaddingVertical"><xJust><xDouble value="8"/></xJust></xField></xFields></styleBlock></styleBlock><styleSelector><simpleSelector value="#7"/></styleSelector></styleDeclaration><styleDeclaration><styleBlock><styleBlock><thickness><double value="8"/></thickness></styleBlock></styleBlock><styleSelector><simpleSelector value="#76_24309637"/></styleSelector></styleDeclaration><styleDeclaration><styleBlock><styleBlock><xFields><xField name="deprecatedBackgroundPaddingHorizontal"><xJust><xDouble value="8"/></xJust></xField><xField name="deprecatedBackgroundPaddingVertical"><xJust><xDouble value="8"/></xJust></xField></xFields></styleBlock></styleBlock><styleSelector><simpleSelector value="#7_170242848"/></styleSelector></styleDeclaration><styleDeclaration><styleBlock><styleBlock><xFields><xField name="deprecatedBackgroundPaddingHorizontal"><xJust><xDouble value="8"/></xJust></xField><xField name="deprecatedBackgroundPaddingVertical"><xJust><xDouble value="8"/></xJust></xField></xFields></styleBlock></styleBlock><styleSelector><simpleSelector value="#8"/></styleSelector></styleDeclaration><styleDeclaration><styleBlock><styleBlock><thickness><double value="8"/></thickness></styleBlock></styleBlock><styleSelector><simpleSelector value="#8_170242848"/></styleSelector></styleDeclaration><styleDeclaration><styleBlock><styleBlock><thickness><double value="8"/></thickness></styleBlock></styleBlock><styleSelector><simpleSelector value="#9_170242848"/></styleSelector></styleDeclaration></array></styleDeclarations></documentStyle></documentStyle><path><array><flyToObject><target><ref value="114_24309637"/></target></flyToObject><flyToObject><target><ref value="47_24309637"/></target></flyToObject><flyToObject><target><ref value="58_24309637"/></target></flyToObject><flyToObject><target><ref value="65_24309637"/></target></flyToObject><flyToObject><target><ref value="70_24309637"/></target></flyToObject><flyToObject><target><ref value="17_170242848"/></target></flyToObject><flyToObject><target><ref value="34_170242848"/></target></flyToObject><flyToObject><target><ref value="31_170242848"/></target></flyToObject><flyToObject><target><ref value="53_24309637"/></target></flyToObject><flyToObject><target><ref value="28_170242848"/></target></flyToObject><flyToObject><target><ref value="6_170242848"/></target></flyToObject><flyToObject><target><ref value="10_170242848"/></target></flyToObject><flyToObject><target><ref value="12"/></target></flyToObject><flyToObject><target><ref value="14"/></target></flyToObject><flyToObject><target><ref value="31_24309637"/></target></flyToObject><flyToObject><target><ref value="42_24309637"/></target></flyToObject><flyToObject><target><ref value="114_24309637"/></target></flyToObject></array></path><zObjects><array><zLine><id><string value="37_24309637"/></id><localToWorld><transform2D x="1094.819596598809" y="-4427.420997895244" scale="4.958971684394936" rotation="0.4522526710742259"/></localToWorld><startEndDistance><double value="-266.8231094892865"/></startEndDistance><styleClasses><array><token value="line1"/></array></styleClasses></zLine><zLine><id><string value="36_24309637"/></id><localToWorld><transform2D x="4034.328154740091" y="-6057.626732196816" scale="4.958971684394938" rotation="0.86348088339675"/></localToWorld><startEndDistance><double value="543.8524721733099"/></startEndDistance><styleClasses><array><token value="line1"/></array></styleClasses></zLine><zLine><id><string value="30_24309637"/></id><localToWorld><transform2D x="3544.8584221828314" y="-1924.802094430898" scale="4.9589716843949345" rotation="-2.0943951023931975"/></localToWorld><startEndDistance><double value="-261.79082888245625"/></startEndDistance><styleClasses><array><token value="line1"/></array></styleClasses></zLine><zInvisibleFrame><height><double value="519.6579447172824"/></height><id><string value="114_24309637"/></id><localToWorld><transform2D x="3.022138426251759" y="0" scale="31.602992936232628" rotation="0"/></localToWorld><styleClasses><array><token value="invisible"/></array></styleClasses><width><double value="923.8363461640572"/></width></zInvisibleFrame><zLine><id><string value="61_24309637"/></id><localToWorld><transform2D x="1042.7453831487942" y="251.45230454036871" scale="4.958971684394922" rotation="-0.4918488163188508"/></localToWorld><startEndDistance><double value="-917.1280366749065"/></startEndDistance><styleClasses><array><token value="line1"/></array></styleClasses></zLine><zLine><id><string value="76_24309637"/></id><localToWorld><transform2D x="-4286.871348811085" y="1189.1651834456998" scale="4.958971684394929" rotation="3.043223982435541"/></localToWorld><startEndDistance><double value="-309.4727583865364"/></startEndDistance><styleClasses><array><token value="line1"/></array></styleClasses></zLine><zRectangleFrame><height><double value="600"/></height><id><string value="42_24309637"/></id><localToWorld><transform2D x="7085.94835198072" y="-3317.115768224565" scale="1.9190253517945253" rotation="0"/></localToWorld><styleClasses><array><token value="roundrect"/></array></styleClasses><width><double value="942.5250396313932"/></width></zRectangleFrame><zRectangleFrame><height><double value="600"/></height><id><string value="47_24309637"/></id><localToWorld><transform2D x="-5979.2602087332125" y="1049.149165467585" scale="1.9387637993108249" rotation="0"/></localToWorld><styleClasses><array><token value="roundrect"/></array></styleClasses><width><double value="942.5250396313932"/></width></zRectangleFrame><zText><id><string value="45_24309637"/></id><localToWorld><transform2D x="7085.025386238777" y="-3797.763406826006" scale="4.05410552058496" rotation="-5.111080477620138E-32"/></localToWorld><styleClasses><array><token value="subtitle"/><token value="subtitle-background"/></array></styleClasses><text><text><width>427.7173757079804</width><p><span><![CDATA[Components del grup]]></span></p></text></text></zText><zText><id><string value="50_24309637"/></id><localToWorld><transform2D x="-5981.040929373129" y="561.75014793076" scale="3.8780398341114273" rotation="-5.111080477620148E-32"/></localToWorld><styleClasses><array><token value="subtitle"/><token value="subtitle-background"/></array></styleClasses><text><text><width>454.10576459295976</width><p><span><![CDATA[Contingut disponible]]></span></p></text></text></zText><zRectangleFrame><height><double value="600"/></height><id><string value="58_24309637"/></id><localToWorld><transform2D x="-2247.5533407465005" y="1049.0477367299732" scale="2.795057481182534" rotation="0"/></localToWorld><styleClasses><array><token value="roundrect"/></array></styleClasses><width><double value="942.5250396313932"/></width></zRectangleFrame><zRectangleFrame><height><double value="600"/></height><id><string value="53_24309637"/></id><localToWorld><transform2D x="-290.7803723744949" y="-5069.653140860926" scale="1.94667358375248" rotation="0"/></localToWorld><styleClasses><array><token value="roundrect"/></array></styleClasses><width><double value="942.5250396313932"/></width></zRectangleFrame><zText><id><string value="63_24309637"/></id><localToWorld><transform2D x="-2247.703247269609" y="342.97147172229427" scale="5.565529170616992" rotation="-5.111080477620149E-32"/></localToWorld><styleClasses><array><token value="subtitle"/><token value="subtitle-background"/></array></styleClasses><text><text><width>454.10576459295976</width><p><span><![CDATA[Contingut disponible]]></span></p></text></text></zText><zText><id><string value="4_24309637"/></id><localToWorld><transform2D x="1.077405824269038E-12" y="3778.2076182510336" scale="86.45842763737014" rotation="-5.111080477620144E-32"/></localToWorld><styleClasses><array><token value="title"/></array></styleClasses><text><text><width>396.19250859336614</width><p align="center"><span><![CDATA[HADAFLIX]]></span></p></text></text></zText><zText><id><string value="5_24309637"/></id><localToWorld><transform2D x="26.268705713168668" y="5583.227461060022" scale="25.489202821369773" rotation="-5.111080477620142E-32"/></localToWorld><styleClasses><array><token value="subtitle"/><token value="subtitle-background"/></array></styleClasses><text><text><width>555.949258622854</width><p align="center"><span><![CDATA[Tu videoclub de confianza]]></span></p></text></text></zText><zRectangleFrame><height><double value="600"/></height><id><string value="65_24309637"/></id><localToWorld><transform2D x="4199.207251527737" y="-760.9592280397109" scale="2.363652107029884" rotation="0"/></localToWorld><styleClasses><array><token value="roundrect"/></array></styleClasses><width><double value="942.5250396313932"/></width></zRectangleFrame><zRectangleFrame><height><double value="600"/></height><id><string value="70_24309637"/></id><localToWorld><transform2D x="2785.51929467993" y="-3317.346949527201" scale="2.9628202823394876" rotation="0"/></localToWorld><styleClasses><array><token value="roundrect"/></array></styleClasses><width><double value="942.5250396313932"/></width></zRectangleFrame><zText><id><string value="68_24309637"/></id><localToWorld><transform2D x="4199.573876951387" y="-1355.0256852950984" scale="4.747956333095208" rotation="-5.111080477620146E-32"/></localToWorld><styleClasses><array><token value="subtitle"/><token value="subtitle-background"/></array></styleClasses><text><text><width>454.10576459295976</width><p><span><![CDATA[Contingut disponible]]></span></p></text></text></zText><zRectangleFrame><height><double value="600"/></height><id><string value="31_24309637"/></id><localToWorld><transform2D x="5556.857290094825" y="-5495.77579439956" scale="1.94667358375248" rotation="0"/></localToWorld><styleClasses><array><token value="roundrect"/></array></styleClasses><width><double value="942.5250396313932"/></width></zRectangleFrame><zText><id><string value="34_24309637"/></id><localToWorld><transform2D x="5557.165516013074" y="-5986.935185911907" scale="3.9224664743290063" rotation="-5.111080477620142E-32"/></localToWorld><styleClasses><array><token value="subtitle"/><token value="subtitle-background"/></array></styleClasses><text><text><width>454.10576459295976</width><p><span><![CDATA[Localització]]></span></p></text></text></zText><zText><id><string value="0"/></id><localToWorld><transform2D x="7069.956696020326" y="-3297.7982827640103" scale="2.0283111005443786" rotation="0"/></localToWorld><styleClasses><array><token value="body"/></array></styleClasses><text><text><width>-497.9296875</width><p/><p><span><![CDATA[    Álvaro Gironés Garcia (gg52@alu.ua.es)]]></span></p><p><span><![CDATA[    Javi Monllor Alcaraz (jma86@alu.ua.es)]]></span></p><p><span><![CDATA[    Juan Ruiz de Larrea Aracil (jrl12@alu.ua.es)]]></span></p><p><span><![CDATA[    Javier Rocamora Garcia (jrg81@alu.ua.es)]]></span></p><p><span><![CDATA[    David Berbegal Esteve (dbe4@alu.ua.es)]]></span></p><p/></text></text></zText><zImage><assetSourceFilename><string value="computer-confusion-600.jpeg"/></assetSourceFilename><height><double value="375"/></height><id><string value="3"/></id><localToWorld><transform2D x="-6002.732834594575" y="1180.477576993533" scale="1.569900072884682" rotation="0"/></localToWorld><onlineAssetId><string value="4782039204"/></onlineAssetId><onlineAssetUrl><string value="http://0103.static.prezi.com.s3.amazonaws.com/media/b/4/b/1b912b48fff5a986e1b4b0e297a8ea6e2062d.jpeg"/></onlineAssetUrl><width><double value="600"/></width></zImage><zText><id><string value="1"/></id><localToWorld><transform2D x="-5971.894584845185" y="823.1393580224694" scale="2.7033524955644928" rotation="0"/></localToWorld><styleClasses><array><token value="body"/></array></styleClasses><text><text><width>552</width><p><span><![CDATA[Estàs fart de no poder trovar tot el contingut multimèdia que tan desitjes però que ningú ofereix?]]></span></p><p/><p/></text></text></zText><zText><id><string value="2"/></id><localToWorld><transform2D x="5251.859062718094" y="-5772.149396842187" scale="2.5525706553453316" rotation="0"/></localToWorld><styleClasses><array><token value="body"/></array></styleClasses><text><text><width>452.26171875</width><p><span><![CDATA[Has tingut algun problema i necessites atenció personal. No esperes més i vine a rebre el que necessites a:]]></span></p></text></text></zText><zText><id><string value="4"/></id><localToWorld><transform2D x="-2242.9022924790793" y="628.5757165604007" scale="3.7559985783545535" rotation="0"/></localToWorld><styleClasses><array><token value="body"/></array></styleClasses><text><text><width>552</width><p><span><![CDATA[I també de no poder veure tot allò que vols perquè el preu és massa elevat?]]></span></p></text></text></zText><zImage><assetSourceFilename><string value="dinero_lavado--647x231.jpeg"/></assetSourceFilename><height><double value="231"/></height><id><string value="5"/></id><localToWorld><transform2D x="-2272.268716672249" y="1188.219862580591" scale="2.64348438740106" rotation="0"/></localToWorld><onlineAssetId><string value="4782045571"/></onlineAssetId><onlineAssetUrl><string value="http://0103.static.prezi.com.s3.amazonaws.com/media/5/c/8/cec8cff7cf09549c245ed66b3d2ab31310d07.jpeg"/></onlineAssetUrl><width><double value="647"/></width></zImage><zText><id><string value="6"/></id><localToWorld><transform2D x="4179.353797286162" y="-654.2264597401969" scale="2.821794511536006" rotation="0"/></localToWorld><styleClasses><array><token value="body"/></array></styleClasses><text><text><width>552</width><p><span><![CDATA[A HadaFlix pots llogar o comprar tot allò que sempre has necessitat!]]></span></p><p indent="1"><span><![CDATA[- Pel·lícules]]></span></p><p indent="1"><span><![CDATA[- Sèries]]></span></p><p indent="1"><span><![CDATA[- Jocs]]></span></p><p/><p><span><![CDATA[De la manera més ràpida possible amb tan sols uns "clicks".]]></span></p><p/><p><span><![CDATA[Tu tries que veure i quan veure-ho.]]></span></p><p/><p><span><![CDATA[I si no ho troves, tant sols has de demanar-ho.]]></span></p><p/><p><span><![CDATA[A què estàs esperant per a veure tot el contingut que tenim?]]></span></p></text></text></zText><zText><id><string value="7"/></id><localToWorld><transform2D x="2777.1245637951215" y="-4064.37618657281" scale="5.969959896685136" rotation="-5.111080477620141E-32"/></localToWorld><styleClasses><array><token value="subtitle"/><token value="subtitle-background"/></array></styleClasses><text><text><width>454.10576459295976</width><p><span><![CDATA[Portada Principal]]></span></p></text></text></zText><zText><id><string value="8"/></id><localToWorld><transform2D x="-287.42650505057026" y="-5553.548258277756" scale="3.922466474329006" rotation="-5.111080477620148E-32"/></localToWorld><styleClasses><array><token value="subtitle"/><token value="subtitle-background"/></array></styleClasses><text><text><width>454.10576459295976</width><p><span><![CDATA[Pel·lícules]]></span></p></text></text></zText><zRectangleFrame><height><double value="600"/></height><id><string value="12"/></id><localToWorld><transform2D x="-3281.371043358124" y="-7181.154867027915" scale="1.94667358375248" rotation="0"/></localToWorld><styleClasses><array><token value="roundrect"/></array></styleClasses><width><double value="942.5250396313932"/></width></zRectangleFrame><zText><id><string value="13"/></id><localToWorld><transform2D x="-3278.0171760341996" y="-7665.049984444745" scale="3.922466474329006" rotation="-5.111080477620153E-32"/></localToWorld><styleClasses><array><token value="subtitle"/><token value="subtitle-background"/></array></styleClasses><text><text><width>454.10576459295976</width><p><span><![CDATA[Sèries]]></span></p></text></text></zText><zRectangleFrame><height><double value="600"/></height><id><string value="14"/></id><localToWorld><transform2D x="2240.9945832088383" y="-7181.212106129967" scale="1.94667358375248" rotation="0"/></localToWorld><styleClasses><array><token value="roundrect"/></array></styleClasses><width><double value="942.5250396313932"/></width></zRectangleFrame><zText><id><string value="15"/></id><localToWorld><transform2D x="2244.348450532763" y="-7665.107223546798" scale="3.922466474329006" rotation="-5.111080477620146E-32"/></localToWorld><styleClasses><array><token value="subtitle"/><token value="subtitle-background"/></array></styleClasses><text><text><width>454.10576459295976</width><p><span><![CDATA[Jocs]]></span></p></text></text></zText><zLine><id><string value="16"/></id><localToWorld><transform2D x="-2253.7233905690064" y="-5816.794152628119" scale="5.606954499889199" rotation="0.6423048304581769"/></localToWorld><startEndDistance><double value="-460.51707231929106"/></startEndDistance><styleClasses><array><token value="line1"/></array></styleClasses></zLine><zLine><id><string value="17"/></id><localToWorld><transform2D x="-528.6213587333714" y="-7171.173065796179" scale="5.6069544998891905" rotation="-4.576950980887866E-17"/></localToWorld><startEndDistance><double value="-652.7781064967836"/></startEndDistance><styleClasses><array><token value="line1"/></array></styleClasses></zLine><zLine><id><string value="0_170242848"/></id><localToWorld><transform2D x="6346.984029536221" y="-4393.1423554909015" scale="4.958971684394938" rotation="0.5583726376491296"/></localToWorld><startEndDistance><double value="387.04743352180515"/></startEndDistance><styleClasses><array><token value="line1"/></array></styleClasses></zLine><zImage><assetSourceFilename><string value="Portada.png"/></assetSourceFilename><height><double value="664"/></height><id><string value="1_170242848"/></id><localToWorld><transform2D x="2780" y="-3201.9" scale="1.980689463952965" rotation="0"/></localToWorld><onlineAssetId><string value="4784830733"/></onlineAssetId><onlineAssetUrl><string value="http://0103.static.prezi.com.s3.amazonaws.com/media/c/c/0/7f942fcd8f2979eb41a50ca16fb96d23c217e.png"/></onlineAssetUrl><width><double value="1348"/></width></zImage><zImage><assetSourceFilename><string value="Pelicules.png"/></assetSourceFilename><height><double value="661"/></height><id><string value="2_170242848"/></id><localToWorld><transform2D x="-287.1999999999999" y="-4984.5999999999985" scale="1.323425007535724" rotation="0"/></localToWorld><onlineAssetId><string value="4784831394"/></onlineAssetId><onlineAssetUrl><string value="http://0103.static.prezi.com.s3.amazonaws.com/media/1/d/2/d4f7db72f8400c201948c55033b662b9e74a6.png"/></onlineAssetUrl><width><double value="1342"/></width></zImage><zImage><assetSourceFilename><string value="Series.png"/></assetSourceFilename><height><double value="662"/></height><id><string value="3_170242848"/></id><localToWorld><transform2D x="-3275.8500000000004" y="-7108.050000000003" scale="1.3289852412180063" rotation="0"/></localToWorld><onlineAssetId><string value="4784831815"/></onlineAssetId><onlineAssetUrl><string value="http://0103.static.prezi.com.s3.amazonaws.com/media/2/6/e/6d137add6f817921013935d1ef0ca00dd378d.png"/></onlineAssetUrl><width><double value="1341"/></width></zImage><zImage><assetSourceFilename><string value="Jocs.png"/></assetSourceFilename><height><double value="662"/></height><id><string value="4_170242848"/></id><localToWorld><transform2D x="2244.75" y="-7106.4" scale="1.3224222696891603" rotation="0"/></localToWorld><onlineAssetId><string value="4784832282"/></onlineAssetId><onlineAssetUrl><string value="http://0103.static.prezi.com.s3.amazonaws.com/media/d/0/a/d476d41cef065644acd3acdc4a7569b315879.png"/></onlineAssetUrl><width><double value="1348"/></width></zImage><zImage><assetSourceFilename><string value="Mapa.png"/></assetSourceFilename><height><double value="664"/></height><id><string value="5_170242848"/></id><localToWorld><transform2D x="5732.35" y="-5297.7" scale="1.0587672400148729" rotation="0"/></localToWorld><onlineAssetId><string value="4784832670"/></onlineAssetId><onlineAssetUrl><string value="http://0103.static.prezi.com.s3.amazonaws.com/media/a/f/8/9bbd38f3c6280fb3a25015a3033de11c0d7b2.png"/></onlineAssetUrl><width><double value="1347"/></width></zImage><zLine><id><string value="9_170242848"/></id><localToWorld><transform2D x="26.617941606197174" y="-2078.9649457100127" scale="4.958971684394924" rotation="-0.720992950737177"/></localToWorld><startEndDistance><double value="-733.7057000363461"/></startEndDistance><styleClasses><array><token value="line1"/></array></styleClasses></zLine><zLine><id><string value="16_170242848"/></id><localToWorld><transform2D x="-3777.878674895422" y="-828.489353333083" scale="4.958971684394929" rotation="-0.1465550171433887"/></localToWorld><startEndDistance><double value="-233.28234993454447"/></startEndDistance><styleClasses><array><token value="line1"/></array></styleClasses></zLine><zLine><id><string value="18_170242848"/></id><localToWorld><transform2D x="7.289889943318144" y="-3213.377949316583" scale="4.958971684394924" rotation="-0.04790413922868226"/></localToWorld><startEndDistance><double value="-559.6058792268003"/></startEndDistance><styleClasses><array><token value="line1"/></array></styleClasses></zLine><zLine><id><string value="22_170242848"/></id><localToWorld><transform2D x="-2165.675949936054" y="-5043.153872963102" scale="5.606954499889201" rotation="1.785550199901013E-16"/></localToWorld><startEndDistance><double value="337.3881230000858"/></startEndDistance><styleClasses><array><token value="line1"/></array></styleClasses></zLine><zRectangleFrame><height><double value="483.1237537317947"/></height><id><string value="17_170242848"/></id><localToWorld><transform2D x="-2312.7" y="-1318.3414359682777" scale="2.82506396705161" rotation="0"/></localToWorld><styleClasses><array><token value="roundrect"/></array></styleClasses><width><double value="800"/></width></zRectangleFrame><zText><id><string value="23_170242848"/></id><localToWorld><transform2D x="-2312.0498771603266" y="-1905.5721500699904" scale="4.883720923137787" rotation="-5.111080477620149E-32"/></localToWorld><styleClasses><array><token value="subtitle"/><token value="subtitle-background"/></array></styleClasses><text><text><width>454.10576459295976</width><p><span><![CDATA[Login]]></span></p></text></text></zText><zImage><assetSourceFilename><string value="Login.png"/></assetSourceFilename><height><double value="662"/></height><id><string value="24_170242848"/></id><localToWorld><transform2D x="-2312.85" y="-1220.8" scale="1.62107870260355" rotation="0"/></localToWorld><onlineAssetId><string value="4785135647"/></onlineAssetId><onlineAssetUrl><string value="http://0103.static.prezi.com.s3.amazonaws.com/media/3/4/4/60693ed00239fe0077ac55adc444a63707fea.png"/></onlineAssetUrl><width><double value="1361"/></width></zImage><zRectangleFrame><height><double value="501.85958073416026"/></height><id><string value="28_170242848"/></id><localToWorld><transform2D x="-3966.35" y="-5070.8" scale="2.2595761049581164" rotation="0"/></localToWorld><styleClasses><array><token value="roundrect"/></array></styleClasses><width><double value="800"/></width></zRectangleFrame><zText><id><string value="29_170242848"/></id><localToWorld><transform2D x="-3972.492990863912" y="-5548.742230998205" scale="3.870804204826457" rotation="-5.111080477620148E-32"/></localToWorld><styleClasses><array><token value="subtitle"/><token value="subtitle-background"/></array></styleClasses><text><text><width>454.10576459295976</width><p><span><![CDATA[Pel·lícules]]></span></p></text></text></zText><zImage><assetSourceFilename><string value="PeliculaSoles.png"/></assetSourceFilename><height><double value="663"/></height><id><string value="30_170242848"/></id><localToWorld><transform2D x="-3966.35" y="-4979.23042535117" scale="1.2256435385577" rotation="0"/></localToWorld><onlineAssetId><string value="4785140061"/></onlineAssetId><onlineAssetUrl><string value="http://0103.static.prezi.com.s3.amazonaws.com/media/7/4/1/5f8215805b6d734ea37f4b6ee22083b189fcb.png"/></onlineAssetUrl><width><double value="1361"/></width></zImage><zRectangleFrame><height><double value="475.8657175453815"/></height><id><string value="31_170242848"/></id><localToWorld><transform2D x="-2321.5" y="-3157.4" scale="2.5217768485573084" rotation="0"/></localToWorld><styleClasses><array><token value="roundrect"/></array></styleClasses><width><double value="800"/></width></zRectangleFrame><zText><id><string value="32_170242848"/></id><localToWorld><transform2D x="-2321.9500000000007" y="-3656.280520196837" scale="4.287565982451403" rotation="-5.111080477620148E-32"/></localToWorld><styleClasses><array><token value="subtitle"/><token value="subtitle-background"/></array></styleClasses><text><text><width>454.10576459295976</width><p><span><![CDATA[Registre]]></span></p></text></text></zText><zImage><assetSourceFilename><string value="Registrar.png"/></assetSourceFilename><height><double value="662"/></height><id><string value="33_170242848"/></id><localToWorld><transform2D x="-2321.4500000000007" y="-3065.0805201968365" scale="1.4452145683165754" rotation="0"/></localToWorld><onlineAssetId><string value="4785143151"/></onlineAssetId><onlineAssetUrl><string value="http://0103.static.prezi.com.s3.amazonaws.com/media/1/4/2/8794f1b8376aa10fe5595bcb8c84014d7963d.png"/></onlineAssetUrl><width><double value="1360"/></width></zImage><zRectangleFrame><height><double value="474.6654413044773"/></height><id><string value="34_170242848"/></id><localToWorld><transform2D x="-5340.1" y="-787.2" scale="2.580385566302748" rotation="0"/></localToWorld><styleClasses><array><token value="roundrect"/></array></styleClasses><width><double value="800"/></width></zRectangleFrame><zText><id><string value="35_170242848"/></id><localToWorld><transform2D x="-5341.05" y="-1298.6942568915724" scale="4.347261873557495" rotation="-5.111080477620146E-32"/></localToWorld><styleClasses><array><token value="subtitle"/><token value="subtitle-background"/></array></styleClasses><text><text><width>454.10576459295976</width><p><span><![CDATA[Recordar Contrasenya]]></span></p></text></text></zText><zImage><assetSourceFilename><string value="RecordarContrasenya.png"/></assetSourceFilename><height><double value="663"/></height><id><string value="36_170242848"/></id><localToWorld><transform2D x="-5340.05" y="-697.5442568915716" scale="1.4708863508961632" rotation="0"/></localToWorld><onlineAssetId><string value="4785145171"/></onlineAssetId><onlineAssetUrl><string value="http://0103.static.prezi.com.s3.amazonaws.com/media/1/0/d/075b6efe98f10dd18bda5523134f089a305c4.png"/></onlineAssetUrl><width><double value="1365"/></width></zImage><zRectangleFrame><height><double value="490.06449720955334"/></height><id><string value="6_170242848"/></id><localToWorld><transform2D x="-8003.65" y="-5070.75" scale="2.2261627992807433" rotation="0"/></localToWorld><styleClasses><array><token value="roundrect"/></array></styleClasses><width><double value="800"/></width></zRectangleFrame><zText><id><string value="7_170242848"/></id><localToWorld><transform2D x="-8005.849999999995" y="-5519.132836683842" scale="3.771819591948152" rotation="-5.111080477620147E-32"/></localToWorld><styleClasses><array><token value="subtitle"/><token value="subtitle-background"/></array></styleClasses><text><text><width>454.10576459295976</width><p><span><![CDATA[Pel·lícules]]></span></p></text></text></zText><zLine><id><string value="8_170242848"/></id><localToWorld><transform2D x="-5994.4197456832435" y="-5048.5906743130245" scale="5.606954499889201" rotation="-7.920328403928341E-17"/></localToWorld><startEndDistance><double value="397.3075386562424"/></startEndDistance><styleClasses><array><token value="line1"/></array></styleClasses></zLine><zRectangleFrame><height><double value="427.23953377818697"/></height><id><string value="10_170242848"/></id><localToWorld><transform2D x="-8003.65" y="-7371.071624916002" scale="2.2044583356416276" rotation="0"/></localToWorld><styleClasses><array><token value="roundrect"/></array></styleClasses><width><double value="800"/></width></zRectangleFrame><zText><id><string value="11_170242848"/></id><localToWorld><transform2D x="-7999.4" y="-7763.299999999999" scale="3.771819591948152" rotation="-5.111080477620147E-32"/></localToWorld><styleClasses><array><token value="subtitle"/><token value="subtitle-background"/></array></styleClasses><text><text><width>454.10576459295976</width><p><span><![CDATA[Pel·lícules]]></span></p></text></text></zText><zLine><id><string value="12_170242848"/></id><localToWorld><transform2D x="-8050.632203966468" y="-6257.345256679787" scale="5.606954499889199" rotation="1.5707963267948974"/></localToWorld><startEndDistance><double value="223.64921343126395"/></startEndDistance><styleClasses><array><token value="line1"/></array></styleClasses></zLine></array></zObjects></prezi>